﻿<?xml version="1.0" encoding="utf-8" ?>
<ADCQuestionRepos>

  <selectProjectType>
    
  </selectProjectType>
    <aspProjectFeaturesList>
    <featuresMenuMessage>Which features would you like to add? </featuresMenuMessage>
    <feature1 id="1">1. Authentication</feature1>
    <feature2 id="2">2. Logger</feature2>
    <feature3 id="3">3. Data Access</feature3>
    <feature4 id="4">4. Search</feature4>
    <feature5 id="5">5. Unit Testing</feature5>
    <menuMessage>(Please enter in comma separated format)</menuMessage>
  </aspProjectFeaturesList>
    
  <selectSolutionType>
    <solutionType1 id="1">1. Asp .Net Web Application</solutionType1>
    <solutionType2 id="2">2. Web API</solutionType2>
    <solutionType3 id="3">3. Rapid Code</solutionType3>
    <solutionType4 id="4">4. Service Fabric</solutionType4>
  </selectSolutionType>

  <aspFeaturesList>
    <featuresMenuMessage>Which features would you like to add? </featuresMenuMessage>
    <feature1 id="1">1. Authentication</feature1>
    <feature2 id="2">2. Logger</feature2>
    <feature3 id="3">3. Data Access</feature3>
    <feature4 id="4">4. Search</feature4>
    <feature5 id="5">5. Unit Testing</feature5>
    <menuMessage>(Please enter in comma separated format)</menuMessage>
  </aspFeaturesList>

  <webApiFilesList>
    <menuMessage>Please select which type of file you want to add to the solution.</menuMessage>
    <fileType1>1. Multiple class files</fileType1>
    <fileType2>2. Edmx file</fileType2>
    <fileType3>3. Definition file</fileType3>
  </webApiFilesList>

  <addMultipleClassFiles>
    <menuMessage>Please enter path for multiple </menuMessage>
  </addMultipleClassFiles>

  <webApiFeaturesList>
    <featuresMenuMessage>Which features would you like to add? </featuresMenuMessage>
    <feature1 id="1">1. Authentication</feature1>
    <feature2 id="2">2. Logger</feature2>
    <feature3 id="3">3. Data Access</feature3>
    <feature4 id="4">4. Authorization</feature4>
    <feature5 id="5">5. NUnit</feature5>
    <feature6 id="5">6. Swagger</feature6>
    <menuMessage>(Please enter in comma separated format)</menuMessage>
  </webApiFeaturesList>

  <solutionName>Please enter the name of the solution.</solutionName>

  <confirmationMessage>
    <confirmMessage>Are you sure you want to go ahead and generate the solution?</confirmMessage>
    <choice1 id="1">1. Yes</choice1>
    <choice2 id="2">2. No</choice2>
  </confirmationMessage>
</ADCQuestionRepos>